Country,TotalRenewableEnergy(Mhw)
USA,3597.219125
China,2003.115295
India,2252.883799
Germany,3126.171905
UK,3319.635818
France,3708.9038
Brazil,1886.813594
Canada,3111.760084
Australia,3027.057034
Japan,1792.878546
